city_name,latitude,longitude,population,doe_climate_zone,Residential Electricity  consumption (MWh),Residential Natural Gas  consumption (Mcf),Residential Electricity  utility customers,Residential Natural Gas  utility customers,Commercial Electricity  consumption (MWh),Commercial Electricity  consumption (MWh),Commercial Natural Gas  consumption (Mcf),Commercial Natural Gas  consumption (Mcf),Commercial Electricity  utility customers,Commercial Natural Gas  utility customers,Industry Electricity  consumption (MWh),Industry Natural Gas  consumption (Mcf),Residential Electricity  GHG emissions (mtons CO2e),Commercial Electricity  GHG emissions (mtons CO2e),Industry Electricity  GHG emissions (mtons CO2e)
Aguilar town,37.403626,-104.655036,491,4,1515.50986533976,10227.4279372792,283.858806632603,124.511166465926,670.864018051736,989.766912158361,1179.01487848164,1340.0493437324399,20.8003011969771,19.2187408660509,464.0538751697366,115.6623628994011,946.4270084966292,418.95063848389435,289.79891909822703
Akron town,40.164382,-103.220685,2003,5,7962.70744582149,37371.5569092386,862.123363556887,484.94676091636,7157.283665423381,3058.65109844065,7663.12374904278,8782.74576778514,165.132753623083,49.9437271122284,6041.5714997599425,884.5359767098677,4972.664025379443,4469.681605741194,3772.9259122007807
Alamosa city,37.474528,-105.876956,9671,6,31996.950629934003,224153.427196477,3947.88405738462,2703.43981309169,48012.905439308895,49058.8248130527,114680.868475914,131436.336569479,855.953582072092,335.206093644897,1726.6863375720975,2074.3554724769256,19981.9077119064,29983.777409439277,1078.3054749128908
Alma town,39.286135,-106.066293,316,7,849.867015708155,4355.9764615699305,190.99602840452,29.4357831442417,1035.02823830282,1038.61374481456,1071.17394056335,1227.6779941364798,18.0819336454747,7.08119513697569,2648.5497992255864,1664.4809664207621,530.7369590209192,646.3690548572338,1654.0037915051482
Antonito town,37.076605,-106.010222,789,6,2789.83949872518,19409.777588119297,408.032004362764,174.458286052151,807.155392493481,824.738570493361,2540.44168658271,2911.61335792421,55.502603482024,21.7335972520927,0,0,1742.2383788786917,504.0638012199724,0
Arriba town,39.284058,-103.273902,158,5,840.977115170048,3537.46273277319,109.608683170581,45.2099781570272,1379.07861428449,549.2554640843849,2261.9537754052203,2269.67502384422,49.3963109603892,18.1347727972196,845.1078500251788,568.1948024977014,525.1852683559251,861.2264936370681,527.7648880081916
Arvada city,39.833728,-105.150306,113532,5,353386.200614209,2852229.4890251197,46104.4824043257,42230.6049121582,205194.999961408,209556.397587641,560661.6611650309,642577.229993402,5630.57791740898,2205.03081964896,246710.4403097213,2554945.3006895394,220687.60642235389,128143.07211943054,154069.22074695252
Aspen city,39.194951,-106.837002,6788,7,25241.039731052,202369.035230082,5875.93088619592,2065.9050603019,86831.427348279,77838.72145684449,142772.54473016,158183.62269331,1674.91212326581,579.076916387232,4028.4814712759503,2877.636020056955,15762.881041126388,54225.71631382971,2515.7630147059726
Ault town,40.587418,-104.738342,1869,5,5117.05779399934,29492.5206951876,664.231060413268,426.993911026719,1855.52835439504,1864.16026169793,11570.0052179965,12426.414159873299,105.177573140934,41.1893403685222,829.1510556598381,505.3551992611751,3195.572533731695,1158.7665575750432,517.7999636604378
Aurora city,39.688002,-104.68974,351131,5,998038.6016778031,6789943.78033443,130742.70409262502,104232.004054387,739810.3863751071,749409.5782156771,1715876.11719072,1966574.49361728,11958.9576328077,4701.39897122493,107888.73118673632,333087.5381301491,623269.2440694341,462007.2404970828,67375.8788661321
Avon town,39.641797,-106.515877,6444,6,14722.4274345407,115958.03064033,3909.24501250603,1038.49945487358,21494.200811686,19250.9476027392,50105.1634321806,57425.7869883853,130.51029851145,45.1220694918775,158.7686478490503,140.1582629566479,9194.069450387431,13423.002145663502,99.15008794294073
Basalt town,39.358174,-107.018557,3783,6,16655.6552669907,118707.239456643,1874.22006263402,1108.98903399048,12836.5422658906,10697.5879241167,32088.7037063792,36442.345865229596,391.781713933707,135.452925350658,1051.8132937741855,943.047748951814,10401.358875585523,8016.345240632103,656.8512234003286
Bayfield town,37.235248,-107.594814,2527,5,6348.72316641442,23809.9278587856,1020.8797314046201,269.660213990076,5181.76770931629,3027.8822459374,12929.8462328078,7702.78768754935,134.609970902973,52.6997571271174,1413.4630386657204,2568.190709012948,3964.7403237561816,3235.9834957281455,882.6993646821608
Bennett town,39.74599,-104.442841,2097,5,8348.13169627486,43967.192539880605,875.816812975891,552.818994077148,3129.0187764013103,3024.30854511005,7079.14001761195,8113.43899242212,113.85351272637,44.5869870143753,1400.9477598765855,12245.60500987499,5213.35920572844,1954.0538453805223,874.8836465955967
Berthoud town,40.284675,-104.965515,5766,5,17502.192193571602,142002.400313552,2347.35789642262,2317.85079256099,6679.945249815921,6762.36262418494,21008.850436195502,22563.9203806865,303.900277269681,119.012557380233,24744.317398102623,25296.812526413894,10930.016213508083,4171.586569175656,15452.68086204583
Bethune town,39.303822,-102.423414,231,5,894.537172461224,7821.34466037282,86.0560908079729,84.4561335048807,372.419246016364,168.94803775757902,1451.8930962173201,581.901666819585,8.99250808384615,3.43243628427191,0,0,558.633209511776,232.5736314720844,0
Black Hawk city,39.804282,-105.494536,166,5,429.677980734159,3103.18024407468,66.7591280133247,31.7825930169047,7561.47599917548,7648.29288223074,16744.2660614544,19015.651516347698,85.2689692037424,33.3927898364776,566.8354098970792,199.5393379813625,268.3313749540879,4722.097343862773,353.9853837761612
Blanca town,37.439281,-105.513526,471,6,938.659312181644,3250.6545368692,171.689614517866,8.8448563869264,379.87816754372,388.153482929467,1348.75492019277,1545.8149907317002,19.1386663568396,7.49278127003965,679.6843605402009,112.819296250706,586.1872265849051,237.23168415072138,424.45889055548486
Blue River town,39.448494,-106.036774,735,7,1832.15311773251,13452.569762902001,721.664687596979,122.061048464574,1195.28888647613,1212.88508333151,1837.22430613466,2105.65228066319,24.2065794124385,9.47971139475309,0,0,1144.1688595901085,746.4508882383664,0
Bonanza town,38.296607,-106.141873,7,6,230.70202713852,939.0991288748801,43.5813053258385,4.87940580948058,0,0,0,0,0,0,0,0,144.07206075815796,0,0
Boone town,38.250445,-104.260792,268,5,1238.9182104670701,11952.3078640517,170.839328423824,132.781650800147,868.762604153682,639.531568960279,1.77991891802298,0.713370555931244,2.83448823309847,0.0722003363504683,0,0,773.6971447833334,542.5371430086851,0
Boulder city,40.026968,-105.251926,105420,5,254724.234716387,1970683.25504575,44382.6937389088,33493.5733248321,326984.200311392,333396.551094353,860097.9865251071,985762.7513815741,6580.74723089574,2577.13340855818,137818.1204654971,162988.86159719236,159073.78827928414,204199.71232387488,86066.60665949971
Bow Mar town,39.626594,-105.050914,1047,5,2352.73071303851,19273.9222531207,308.223730428712,276.501134764123,1640.01953264259,1674.8834540824898,3497.7074387572998,4008.74058813594,43.1821947949274,16.9108876175034,352.33699673039627,126.80277648316994,1469.2665098817952,1024.182564332559,220.0323847601463
Branson town,37.015493,-103.883777,55,4,303.93785735465497,1014.49427139268,47.3414177844219,7.69627097046559,0,0,0,0,0,0,3166.932434122393,658.5328750756207,189.80740652622038,0,1977.73070191493
Breckenridge town,39.499623,-106.043288,4732,7,16510.9697626826,120881.097778645,6903.75020766141,1112.18812025411,29789.7888516087,30270.4473739169,44882.2622956854,51439.7929793698,578.718647597491,226.636141542865,721.9721148576291,698.1097861372454,10311.003628056704,18603.548146651963,450.86734471999233
Brighton city,39.96479,-104.796581,36307,5,107078.728706204,738352.639419009,11541.7807312385,10920.5410141442,92208.887497607,77246.2780310423,188854.521765454,209636.81760579898,1513.31723144673,592.640965846261,23546.22271740889,24936.643768182363,66870.03707515624,57583.908588808634,14704.477771800368
Brookside town,38.413543,-105.19106,249,5,607.731989937592,5554.3949904574,100.207310988813,88.7626189450437,278.40652513203395,210.73558591811098,1111.19160196958,661.9779412721509,8.63363766916843,4.47441378039017,589.114809182079,0,379.52505777677095,173.8632395293453,367.89873775599625
Broomfield city,39.953302,-105.052038,62449,5,197496.81158086198,1407532.5208964602,25449.7837874513,21923.1644478594,332871.485310172,340156.234703155,689450.806155914,786682.596930961,3725.17772177673,1468.18644946771,120024.34424253766,389106.4682456257,123335.59869647773,207876.28722252345,74954.49793246183
Brush city,40.258136,-103.63216,5458,5,21725.0148368984,135944.620006583,1651.62547893768,1561.58904345984,23311.8386734206,8063.16214496724,21193.8518973814,22762.615604548802,344.191477142642,145.487550358973,3778.9662546669115,5723.968367557137,13567.144148560898,14558.106313148432,2359.9422276359132
Buena Vista town,38.829331,-106.139513,2690,6,8870.256310518369,43998.2028703317,1373.61262855821,487.201149685641,8152.15884797671,7182.54930389513,28002.482900163403,30075.2198003293,368.109694129542,144.11272333209,3452.6454876258754,2726.5865919107177,5539.422960259103,5090.975313149951,2156.156825492236
Burlington city,39.304491,-102.271463,4139,5,15739.594351141499,137618.419921025,1514.17738967265,1486.02576031047,31141.0257448596,14127.1302426757,121404.68241563601,48657.567999611805,751.937309216307,287.014132162775,14703.93309905603,2695.291307381609,9829.28421476273,19447.38764905139,9182.519846516681
Calhan town,39.034438,-104.299139,858,5,3766.77272127981,5802.21542541077,354.295981883953,26.2734148579239,2576.7078128143,2964.3907734483,11133.047404282801,11171.0504023221,148.309623111067,111.438227415072,169.97504455406676,129.07213304659777,2352.3274376629224,1609.1388930054964,106.14841685660798
Campo town,37.104711,-102.578798,40,4,392.572938255821,1981.041732332,74.3881679880668,31.8516530020906,448.74979839754195,243.932383536033,446.88429204518695,266.225503424054,4.99482146280746,1.95586208949503,0,0,245.15949388880634,280.2416130531992,0
Ca√±on City city,38.441889,-105.220891,16445,5,46347.7606523076,465949.23618386,7459.30840510503,6638.0664894494,61945.582828412895,46613.0863315267,212300.70367643802,144430.091947459,975.069709350742,500.46730316062,36671.65126899587,76915.55009053441,28943.90427135048,38684.652595601205,22901.23080087404
Carbondale town,39.394616,-107.214475,6571,5,18208.502330179697,145058.25124287303,2416.60933210038,1713.67796282918,16644.3533997273,14907.256984657,44729.3569104307,51264.5473263964,754.234443894101,260.765773879302,4741.818440032837,13007.971967705238,11371.102744812835,10394.30092586896,2961.2377614106267
Castle Pines CDP,39.462513,-104.870621,10389,5,41108.9624465656,346035.54620233,3968.39417371136,4724.00963839378,13666.1270468398,13713.4687383061,46864.589466967205,47024.56317739419,325.817467495466,213.135375044605,407.7335701411569,310.2665557693957,25672.305565613016,8534.416063187957,254.6272194446148
Castle Rock town,39.376087,-104.853611,53789,5,197143.39860100002,1521265.9449679898,18888.6243725661,21488.2449487472,97079.02095532119,75654.33138131771,295853.5864959,296863.491767945,1436.78367512602,1073.78521432347,20150.27829396181,23975.245617586974,123114.89436657247,60625.2783250132,12583.730427814397
Cedaredge town,38.894137,-107.925498,2266,5,6911.3381256457105,46296.946307722596,1116.14896762907,467.50663078987,4885.4641523337505,5002.79325254728,21393.2918709086,24518.962474237098,242.030163280035,94.7831602981763,2050.4692975694666,2923.019979823751,4316.090060883329,3050.943664938904,1280.5060314653842
Centennial city,39.590568,-104.869118,107862,5,359352.36904109595,2878349.53073712,39553.2771158582,37750.7310453899,304409.868249006,306463.169839144,648126.108513698,742820.685526678,5558.99777629647,2193.08045998282,60350.932386619585,150755.02428529714,224413.44355847823,190102.1745570562,37688.80276199691
Center town,37.751351,-106.110195,2052,6,6278.24982845671,32818.1301215792,906.615090539196,308.453091311891,1410.96291417055,1441.59049748338,12613.4432327166,13551.0653869977,80.2655557326948,31.3778251052138,3192.437355665649,381.2156945812032,3920.7301381760735,881.1380516211582,1993.6583755976835
Central City city,39.79579,-105.514835,699,5,3032.65481166053,21902.1567792776,471.184002601079,224.320626053673,4769.8613325933,4824.62636703191,10562.4652168299,11995.2798754881,53.7885935390616,21.0645351576593,0,0,1893.8751154611066,2978.7503830850765,0
Cheraw town,38.108104,-103.510926,194,4,796.292634163397,5027.1459796789995,107.823741524785,76.5513254159215,745.12048078902,564.00761808363,0.0069781430027831305,0.00415713791455694,8.77809038452309,0.000909855383954365,0,0,497.2800724528499,465.3233632660148,0
Cherry Hills Village city,39.637418,-104.94747,6414,5,26307.9419914504,215060.901481933,2315.51883185361,2174.65793210036,10392.0814978259,10612.9988135809,25006.0543959026,28659.5682918538,482.239955704066,188.85343216828,2682.1428383321795,3431.4636422322455,16429.15523554793,6489.793850227141,1674.9824470949854
Cheyenne Wells town,38.819202,-102.35203,894,5,3202.34122230215,18835.5094198912,405.076306488126,247.861713047664,7988.322008508379,2448.67554809312,18445.8168033365,8791.51541926574,180.074383432818,69.1387931929332,12154.24560995223,5662.26313027807,1999.843282134885,4988.660169312341,7590.254986945606
City of Creede town,37.848785,-106.925288,275,7,894.43879991447,2504.4418899774596,289.173966756314,4.07862034711027,996.67403933296,1012.34933651571,0.008388210604106319,0.00499716734433663,34.6779136517401,0.00135804653598328,35748.41701727894,72706.65685953238,558.5717764341881,622.4170829007917,22324.676433939458
Coal Creek town,38.362038,-105.141782,308,5,1119.64447818425,5862.2637575894105,153.099870910667,70.8399032513649,38.8424581112957,22.5644109860072,111.365398732841,66.3444875316255,1.4391589450504,0.563542949901483,12.1539743001013,7.04110525099357,699.2113996104704,24.25688692213673,7.59008555553743
Cokedale town,37.144223,-104.62159,111,4,470.630306622928,1476.8330716237401,91.1466888296722,1.01575310941917,0,0,0,0,0,0,0,0,293.9058619094714,0,0
Collbran town,39.240016,-107.963956,666,5,1277.32865449803,7505.17461653376,220.07414040738,74.0317592490644,588.018436133612,593.249154710358,2039.9011762282698,2337.9412898632504,32.4377948551013,12.7031964437965,1394.0880356516982,432.3050634554984,797.6842414500375,367.2140592275432,870.5997891125467
Colorado Springs city,38.867255,-104.760749,448759,5,1406870.61124698,12006874.4672805,186862.368387817,183742.232018576,605459.575136463,1098429.0336062901,3962859.0405858997,3139212.03276477,18561.5831676072,13929.1903439789,445701.85306629876,519572.07623812003,878582.4324843945,378105.94808208494,278338.18909807835
Columbine Valley town,39.59958,-105.030771,1190,5,4548.425326641631,37485.7979711272,509.090155210317,530.460707843754,1670.42303595053,1705.9332822236,4150.21904116156,4756.58751089542,70.3054866964984,27.5328336149794,345.1033526633087,11.460682334611139,2840.464898127645,1043.1693735521083,215.5150165321221
Commerce City city,39.882968,-104.795452,51731,5,137263.162245554,1011654.3667361999,15653.0788183865,13702.716919826,59373.9919524044,56274.0233721017,186492.90029628802,213591.207819475,1513.37898289304,592.665148771045,135793.83070535638,852660.6602130047,85720.03851108083,37078.70919957303,84802.44959537474
Cortez city,37.349783,-108.576687,8683,5,25336.1770335071,166636.407384649,3684.04139859813,2667.84852570033,70316.3810740454,23165.125418553198,101563.381875198,60505.0635040896,805.364616883289,315.39458779031,25837.831023690345,27591.323654089774,15822.293727654056,43912.166928255654,16135.573697707623
Craig city,40.517034,-107.555674,8913,6,31895.8318464204,225501.667534406,4075.22964670935,3168.22986354644,22385.156193984603,18145.247262410903,58879.203710615206,66678.236584558,883.628011951145,305.50174978514,12244.13443670821,17415.510844323813,19918.75962559411,13979.398548258872,7646.390031229769
Crawford town,38.705183,-107.610061,279,5,1456.6860841079501,8000.50823083915,202.228860625807,72.9185832748894,597.270054667481,611.614069520071,2534.46987847364,2904.7690377600597,27.9018298811863,6.98661818026851,511.2312179931317,151.3212710498264,909.6919026600197,372.99164065608676,319.26089256229005
Crested Butte town,38.867736,-106.977266,1282,7,4225.0305372442,28469.9830631066,1132.85448991517,383.832355747773,8524.152133378631,8710.47975163201,15310.8553459893,16444.1610946931,244.232370336337,95.6312354895467,1042.9360205776202,472.65007706010783,2638.5067518346214,5323.282934720494,651.3074184359518
Crestone town,37.994497,-105.696273,70,6,587.740880959372,2392.46683767409,111.028564002118,12.4308672298768,567.3647097620441,573.529703779,1703.5604235574401,1829.6575473074602,38.5557820833091,15.0975951931603,77.9407626360057,9.62556796882467,367.04072765164494,354.3159284326185,48.67354842655769
Cripple Creek city,38.746149,-105.184042,1238,5,3871.88275423381,22801.8633482585,675.501040082714,197.95501177863,12415.5126587612,8778.50372839555,41350.1078277522,44071.2188027499,110.147685498171,49.5473871761249,18084.77007782131,19080.26160135609,2417.9680358053397,7753.41472419191,11293.832680043019
Crook town,40.858752,-102.801392,121,5,821.7528993546861,1733.29574707583,59.5145379485204,10.140753661463,201.791944694877,234.447678795564,306.583059020139,351.37642980385,6.33702138267775,2.524360404124,0,0,513.1798585061201,126.01788409570918,0
Crowley town,38.193506,-103.859744,194,5,643.88040928225,3489.4628051803097,87.6788541783552,44.7176654658297,301.77402091561396,222.148158938796,0,0,9.97500395928107,0,0,0,402.09953331446496,188.45610338084728,0
Dacono city,40.063521,-104.946804,4623,5,16051.314516635699,123582.845860002,1841.35434215065,1819.70935332593,2903.48565300329,2276.32116865236,5115.83329455857,5494.506017350111,118.671863049071,46.4739355864873,7851.88809989846,21312.48649747728,10023.951627007262,1813.209734645132,4903.457994825512
De Beque town,39.275733,-108.193405,400,5,1283.10841767801,7539.134656305239,221.069950224308,74.3667443249495,438.337700894031,442.23693434329203,1520.6421035339001,1742.81578067906,24.1807187413194,9.46958391269512,205.49261105547,2179.57890867273,801.2936696044502,273.7393193249998,128.32892849944517
Deer Trail town,39.615812,-104.043065,522,5,2607.21624378154,13425.876284419,267.729796732378,161.541254289418,1330.98167234156,810.56921469789,2798.98526273529,3207.93148791993,43.1386354159157,16.8938290180817,1185.3255774372712,50.285794143226596,1628.1912289319127,831.1902359247646,740.228860270069
Del Norte town,37.678447,-106.353931,1894,7,6316.89938108158,48623.3869197357,859.6832802357,511.88472264674,3167.10402465051,3236.09663044545,1806.35666047676,2070.27471230573,107.888179484451,13.3005708136243,585.5779065464988,568.0196646712952,3944.866556755103,1977.8378591917822,365.68996283654985
Delta city,38.757372,-108.087959,8813,5,32078.8823544858,235682.74729306798,4066.45344141415,2753.80719046724,12344.2519580936,16712.6126102025,75057.7549584242,86024.08120877559,617.709616750195,250.80775247742,26592.202655250105,15115.288822291337,20033.07359260566,7708.9128352246025,16606.674350286856
Denver city,39.76185,-104.881105,663303,5,1877509.22760905,14606880.18073,298245.600726935,230993.907209226,3873848.89706652,4180770.72806893,9860621.31363535,11301309.0935508,51804.8502936929,20603.9947458483,2158682.550555835,18103627.912070323,1172493.483777147,2419195.880454851,1348084.5722890806
Dillon town,39.625881,-106.043728,992,7,3386.00577530407,29172.771260524198,1353.77204115297,322.61418735742,10370.3461638523,10480.2878215376,10808.841358322701,12388.0689916208,118.993552887736,46.5999148410201,76.05551345437472,86.845832271181,2114.540716602267,6476.220261838327,47.49622138695988
Dinosaur town,40.240551,-109.00859,312,6,945.366248112995,3153.27544425713,167.318189571505,11.8863394245855,809.348409131818,418.075631641897,862.651603439925,926.504863053082,28.3899243015882,6.48847702409736,16.74178739028935,79.31834541570001,281.04544742607175,240.60906153785547,4.977121974904319
Dolores town,37.47399,-108.499824,1074,5,3067.2527328462497,13134.4659773876,500.23655821262804,103.739165976511,4498.57699910098,2298.4100585893098,19430.5584300467,11575.5024106478,131.837639738117,51.6298793971931,995.6922457501338,1211.779248963716,1915.4813140064798,2809.3349103975543,621.8039585755687
Dove Creek town,37.766665,-108.906297,640,6,1381.12255955248,6004.03226916809,336.940259272528,67.6258222641132,2805.74310000307,1248.53232641664,7520.22224916995,4480.074573629469,65.1336040056654,25.4997834773069,1055.8208097646336,138.34497910929664,862.5029254503845,1752.1700844557995,659.3538935954131
Durango city,37.276725,-107.868915,17817,5,48136.2645986738,342042.152281818,7599.02579038288,5915.88725847345,94218.30116452179,67744.57425387789,326704.381155312,194629.884943735,1711.51597195724,670.258989724421,27585.49588627384,30753.753616012393,30060.814479826284,58838.775620099164,17226.98013825808
Eads town,38.481346,-102.779776,677,5,2071.44065060773,15720.371725629499,355.507801658266,212.476401048392,1805.08086265989,977.880121247107,7624.05657496029,3633.72420157581,64.4776309850314,42.1720873285108,1322.9276452269983,234.656089069426,1293.6025182478577,1127.262395325098,826.160543302687
Eagle town,39.634496,-106.816402,6603,6,16065.6049289123,189660.59760096698,2311.95873582173,1801.1233425156,7712.3279858101505,6907.42694974966,24677.5954404121,28283.1197839479,293.476190864898,101.465196459232,1184.0029031332074,908.1384774433952,10032.87590552926,4816.303523381385,739.4028579368345
Eaton town,40.527178,-104.712521,4791,5,13204.568908743,105927.020373193,1657.98028755946,1503.36883668037,2866.66746328583,2927.60775530374,17792.4565989451,19109.4498623181,168.052517332693,65.8122461803531,30329.010391105443,26339.75426165673,8246.175717231321,1790.216991443988,18940.288830572514
Eckley town,40.112467,-102.488545,318,5,1119.85892745019,8582.05674195266,142.898106585755,117.749330847963,252.24864948979,116.402060753401,0.171775476898173,0.196872762615265,5.22172186061376,0.0478510292539071,226.75103596951757,510.9362426301026,699.3453219173322,157.52779984735704,141.60468998202825
Edgewater city,39.75082,-105.062615,5278,5,15865.2086659866,137151.181446781,2359.79181516146,1928.31221466821,13020.9387830453,13297.740966050002,32471.837367235898,37216.140773522304,338.82230889639,132.688623523206,1237.5027216847147,1170.685936697236,9907.729616499888,8131.4997824131915,772.8131803536168
Elizabeth town,39.361015,-104.606172,1174,5,5652.91136019873,25585.454700270802,516.737216104923,359.413420052868,7877.37518228068,6569.49841217535,24495.1609278608,24578.7759093576,172.844767187509,129.873666113508,4049.3789977704328,963.3867078894666,3530.2099381121952,4919.374528056989,2528.813397245527
Empire town,39.75971,-105.682813,301,7,863.313886883407,7140.45003426423,173.553243346131,91.0582314323631,1507.08064447228,1523.05802282599,2700.62167305934,3095.1964689874003,42.4767421233573,16.6346202599723,0,0,539.1344510802534,941.1630095798172,0
Englewood city,39.646505,-104.994001,32523,5,96177.16025229891,777344.4899439419,15574.426427976,12766.9891349401,135220.21965406998,138094.762927045,395719.502212231,453536.168422002,2524.26059954124,988.543716197312,119474.06425629325,349559.0490539863,60062.07161368593,84444.23286335242,74610.8513135069
Erie town,40.040351,-105.039365,20801,5,64360.6293337555,508625.851824373,7136.11714094748,7046.56012143766,10889.180203064701,10562.8824452898,29015.647421301997,31236.9733471222,382.91619982203,149.95654697182,20535.419856675457,100171.54401479145,40192.83495172148,6800.229071591558,12824.249071330501
Estes Park town,40.377117,-105.525514,6230,5,18364.6134499212,136064.581148758,4880.6084845331,2178.47525298628,52256.3632111518,28643.757664418103,111362.542806506,127633.186355082,1345.82378339881,277.643438486144,5602.2918029660905,11221.086250508373,11468.593222063462,32633.79186103553,3498.598321969815
Evans city,40.350168,-104.748388,20767,5,50661.8578259961,439512.649117416,6954.42289167623,6490.77947709319,21213.524855582098,21573.7887246967,58818.5615986302,63172.2970682605,540.368910915203,211.617727349819,16896.740499752945,26718.54152057762,31638.032614449327,13247.721659823315,10551.915187262672
Fairplay town,39.22378,-105.994005,797,7,1780.67374351977,9126.80780538892,400.18215392569,61.6749740795833,5352.10127660081,5370.64182773609,5539.00966426897,6348.2876278301,93.5011592592334,36.6166565606093,1115.3543063419,391.5711144599804,1112.0202927943922,3342.355807923887,696.5322124962503
Federal Heights city,39.86459,-105.016341,12173,5,31689.298160117203,215944.789892666,4698.81386746569,3878.08822117383,21171.4040818219,21621.470775534803,55176.58960864,63238.1747621697,373.663414878149,146.332997796565,848.9601891234242,1616.9821697312516,19789.780551717944,13221.417484035921,530.1706511456356
Firestone town,40.156146,-104.948766,11709,5,41498.3599238467,282646.49077582196,3896.13315139307,4026.49068034298,22799.9495168473,18054.3503659438,45871.1269316934,49266.4964702623,277.684559710666,108.746033050979,98813.96239931011,344651.9395743609,25915.482002776404,14238.434541807688,61708.739065391244
Flagler town,39.295491,-103.076707,464,5,2330.54723580073,14616.201476784401,288.382179172814,168.422275622289,3047.94219364143,1659.1908734313502,14829.478158407901,5943.48032987033,123.682224509538,47.0004949653454,292.06641854102213,29.894759211462137,1455.4130586569836,1903.4219957070395,182.39376272231254
Fleming town,40.681771,-102.839443,625,5,2010.16383866832,6945.88198501871,159.478825405171,88.7707326337014,367.746663880048,163.120195771056,658.0347968432501,754.177084475808,8.1597458191095,3.43251716083828,0,0,1255.3355091439448,229.65563137563703,0
Florence city,38.379826,-105.098107,3891,5,10159.9330697477,91999.608011157,1713.08200147605,1365.65697531028,12616.3622400139,9509.6453009867,63111.506193840396,37597.8587911669,185.483234116014,95.0575814087169,6393.595240984898,13609.077691745371,6344.818520578601,7878.844107853611,3992.7626707379045
Fort Collins city,40.548216,-105.064833,157251,5,450653.253610465,3119958.3325155703,61492.377894116,50512.1811266584,427867.375167436,430916.957116656,1104089.17487493,1265371.61283004,7509.17341228483,2940.72101426421,237035.1113084186,1307234.370587857,281430.30965239304,267200.6624135286,148027.03462045657
Fort Lupton city,40.081344,-104.802947,7814,5,26070.241335068098,155861.88758671,2602.95068905586,2284.25373457662,10730.9624860898,8413.031778488019,36983.1381888607,39720.6209857,336.842589994937,131.913331669336,13548.411076053531,23413.43964606917,16280.712571938378,6701.423036743246,8460.903130919089
Fort Morgan city,40.254932,-103.790968,11346,5,41743.287173462006,220184.33642445298,3408.27133613946,2865.48062839101,55378.816596950004,15195.6545108048,36055.3076289306,38422.8763669211,587.066886362416,248.149442580012,64607.00733613703,373842.5827373123,26068.43763140951,34583.745658550826,40346.69656693509
Fountain city,38.69958,-104.699758,27817,5,80397.05625262161,839031.968370528,9992.47249705501,11046.8960696044,23561.9249917441,18934.0304419627,178320.93386496897,73491.4957961378,503.421152431446,376.357633259208,1571.745042096809,4568.325605049294,50207.48936137436,14714.283749884407,981.5455460447309
Fowler town,38.129631,-104.025673,1164,4,3861.80926042335,25399.4732691526,546.7922674376,357.187815523996,4129.676669981161,3125.8959619862,0,0,85.7923829225687,0,1217.6062511020991,1091.96949756383,2411.677198094425,2578.9588218565405,760.3879513506208
Foxfield town,39.58814,-104.785741,732,5,2543.3849744158297,16913.490538074002,311.482306663434,243.334795834836,2748.7835432474703,2115.31315009879,5468.39074033119,6267.3509138148,36.6232934140304,16.4741409703059,70.1232719189212,37.75560153483843,1588.3289761706692,1716.5991758537557,43.79157139524239
Fraser town,39.923324,-105.805286,1400,7,2723.5636925375,20723.431500263603,1038.96495642561,209.643879035976,9170.25092054501,8289.19891225056,11848.416612384,13579.5315677069,176.251547034969,60.1747464454443,3464.124874477589,2816.6094773441237,1700.8495272318264,5726.767831992402,2163.3256351489167
Frederick town,40.109362,-104.965251,10791,5,36253.237547732,250753.35518798398,3560.93295557098,3509.35213246742,19368.777725274602,15326.3661659155,41094.871231011006,44136.7034968057,299.28843667283,117.206481556307,50330.258067712035,71415.19073249924,22639.933889790635,12095.687913359876,31430.950513284228
Frisco town,39.578482,-106.090973,2909,7,6567.53705615965,49627.624244796,3125.30336826654,525.537502944318,19435.6275610749,19848.7947087446,23380.1370715189,26796.096036002098,253.777918991177,99.3837827892859,300.4924987822997,425.7961490451157,4101.388312545527,12137.435243127857,187.65580033650986
Fruita city,39.15396,-108.728196,12790,5,37177.099544536904,313152.13755104603,5214.84547707826,4876.5192374472,9590.151987545609,9775.57880662236,37379.247064283,42840.548411845,405.19439204484,158.679754698031,13887.81819187052,29891.468191575335,23216.880279845154,5988.993581751428,8672.860881001518
Garden City town,40.394591,-104.689494,240,5,577.953100829969,4935.81774050043,113.510938613852,67.005166665779,5245.242896392931,5356.74750510839,14424.085063353701,15491.752293739499,112.950855529794,44.2334909847981,2189.0545592453554,1489.6430189961775,360.9283164562108,3275.6233771915636,1367.0517133044327
Genoa town,39.27833,-103.498786,71,5,518.466001283873,3682.48629304161,65.2376257876171,55.7285164986722,762.5759309841941,515.19354734485,1265.17230209609,1269.4910064696398,17.8543757827703,6.81034144613676,1056.3848125314737,710.2435031221279,323.778972228794,476.22418937609547,659.7061100102396
Georgetown town,39.721298,-105.694029,1143,7,3760.8731272259897,31106.098324340997,756.053781782306,396.678960931564,3506.8254690639897,3544.0032256393697,6284.07570631824,7202.21167262267,98.8391176460316,38.7070925566198,30.387186974691993,30.762222735480993,2348.643175831707,2189.9919056362914,18.976619765281423
Gilcrest town,40.284156,-104.782024,951,5,2754.8724668852997,19352.216122100497,364.453320686477,272.274327832416,711.331358146172,719.498489978694,2168.2097102459797,2328.7000599677303,29.2810295107868,11.4669530285173,395.58329740225787,877.5328307044703,1720.4016728980248,444.22225465962043,247.03944549230448
Glendale city,39.703052,-104.936157,4905,5,11216.7280125025,64345.9067613346,2898.38394228148,1888.00947275232,42650.658888639,43557.3366392737,101522.707948,116355.70072527701,366.304724712385,143.451208600896,1568.1573794989667,5923.692418194856,7004.780754504121,26635.085937454616,979.3050718270262
Glenwood Springs city,39.550626,-107.324308,9806,5,26530.7869519304,251794.240479056,4244.68491862906,3513.2779859504,55191.5531589988,49676.3940067639,118486.717558167,134544.170960863,1029.54198689529,355.949420140353,6037.507084428846,14518.333945807042,16568.320604331824,34466.80074157319,3770.3877087016995
Golden city,39.742483,-105.210561,20268,5,56807.5927982579,465591.41233981197,7657.12290956184,6325.30292459997,75829.629421783,77392.29069420039,238721.138368675,273599.531516142,1644.63212639501,644.066129423991,422710.41116136365,615088.1076265145,35476.00800335045,47355.15813549434,263980.16868477437
Granada town,38.062975,-102.311707,615,5,1556.15894810289,9134.83702472998,228.042045427949,135.022952599244,639.31053434781,495.97979244280504,2577.1129114107002,1535.28149105668,16.576508574072,9.10441200091122,990.8346044418286,90.31364912490241,971.8121219013619,399.2456732622665,618.7703901132886
Granby town,40.036989,-105.900174,1722,7,4598.0905672439,32585.006276007298,1550.01548518839,317.168586997947,10329.479411316499,9337.051978432772,12655.5309046454,14504.5694330242,277.259328817262,76.5378783034157,10662.05099216871,12299.876979659999,2871.4805491402058,6450.699214939196,6658.388213589422
Grand Junction city,39.089062,-108.567452,60630,5,173636.23970058598,1403265.35235448,26063.7752105706,22660.7267532155,179578.386608711,181905.118101341,458874.27093024703,525918.1755301211,4108.04264206669,1608.77351163599,109528.57201792693,332166.05536023044,108434.81171901671,112145.64755778143,68399.94983245763
Grand Lake town,40.246652,-105.825629,205,7,3166.7175485138896,20973.422109364597,942.787262473309,195.96221083884,7356.63863745529,6649.83341456819,8800.952899077562,10086.8176422839,221.662783525864,57.2016610641538,2414.2557439103125,1905.5491291053595,1977.596507114701,4594.177614724145,1507.6885302508995
Greeley city,40.415278,-104.769743,98975,5,247479.037986553,2214743.61885611,36149.9003313496,33044.7234251917,229112.871332259,233801.918176598,609544.3765932639,654662.701498876,4543.15427868885,1780.51179941555,319599.9843257407,2219077.2440770385,154549.20548123744,143079.64229216697,199588.31281719718
Green Mountain Falls town,38.934954,-105.019713,644,5,3806.9617071833,33927.637589756,586.248474300586,476.970901601722,2564.4245796505797,3055.79766550452,6103.7388592246,5294.54741600365,36.0109102771888,27.0419688861615,0,0,2377.4252232815106,1601.4680860489216,0
Greenwood Village city,39.615934,-104.911688,15208,5,54937.825265052496,411485.1965849,6631.49116503047,5387.03128218268,209950.246457568,214228.398231091,440136.747735367,504443.003272963,1649.25083994475,645.874896814073,354831.7157417552,381238.2631288366,34308.34916225212,131112.69562301348,221590.32212826156
Grover town,40.869111,-104.225932,111,5,852.078345946539,1852.06900375291,84.9218283764507,17.9931925171363,73.664785072876,73.60691332135349,224.610687317072,241.2363151742,3.21697524187019,1.2597596520177,167.39396408496057,152.0385413151018,532.1179217649939,46.00322555633059,104.53654726543407
Gunnison city,38.545479,-106.922551,6086,7,16715.4003888169,95673.873104999,2484.80288222616,1730.85955409331,26399.3879537668,25308.918065648802,74093.5692014837,44140.2799612287,665.372342328111,260.571213629639,1753.7431255866888,1825.7365558296294,10438.669353211191,16486.26270184265,1095.202280091019
Gypsum town,39.639971,-106.911471,6729,6,16740.6155511696,189486.486064373,2189.28279768001,2035.39562697264,8616.48533638016,7717.22145818244,35333.385419248094,40495.7757978508,351.072667817167,121.37835477064,5583.073835204854,1450.1192498132993,10454.416073981547,5380.944477611247,3486.5968139931088
Hartman town,38.121118,-102.221652,67,5,246.03160676755402,1585.90715489026,33.8189863451986,23.5124303936243,237.536897484793,184.282120788456,2209.00795125511,1315.98774975775,10.9157553736244,5.99532367015356,103.96499802794833,9.00546899334552,153.64529318747304,148.34039714001005,64.92553055726232
Haswell town,38.452451,-103.164896,63,5,241.275757370409,1831.0660231239601,41.4085791311578,24.7486716895553,189.743616120174,102.791245630983,801.4134402300859,381.964035103892,6.77765695434509,4.43297833054203,1102.4397043558336,195.546740891189,150.67529317576648,118.49377367509886,688.4671194189068
Haxtun town,40.64152,-102.629539,962,5,4007.13208362047,23958.791521912,223.87277238878,313.044899564769,1526.8693977987798,1861.9488141337902,0.014186642473090498,0.016259384321593403,57.0225928554667,0.0046461487579688,3588.211233938575,4.97201647578621,2502.430447525698,953.5209697891215,2240.81683772421
Hayden town,40.485244,-107.242311,1786,7,6628.72513336251,51745.7831951236,838.729457931326,677.627976659489,3252.75612655648,2636.6608161773797,4635.28874006625,4978.3916730709,81.3384320614484,28.1215997947857,2639.356775160333,174.22078530361864,4139.59990732771,2031.3270936944834,1648.2628019780595
Hillrose town,40.324654,-103.522175,283,5,1205.40578394227,3181.77197237249,131.705097067835,33.2608971817353,809.146362746459,322.15757120122,907.5187492442681,974.6930639597659,14.9843251867447,5.86811857203082,0,0,752.7688312772917,505.30715044759967,0
Holly town,38.055639,-102.124589,932,5,2576.4976832813,16607.9723014386,354.159943570377,246.227398314397,895.766504296146,694.939408954449,8330.307212945161,4962.67215232329,41.1639965677729,22.6087407177708,1109.2915880245089,134.09262239931923,1609.0076683464808,559.4009200213437,692.7460805206595
Holyoke city,40.582094,-102.298414,2314,5,9811.00537679379,36709.5973681552,486.50199543574,454.841326899433,3652.87017370167,4454.51149778355,0,0,98.5514029673478,0,9850.031041351258,91.7705482378948,6126.915225999938,2281.1959657867187,6151.286524271518
Hooper town,37.745976,-105.877735,56,6,403.001390604608,1148.0031116297998,57.6554888417746,1.69464868627603,121.232975737491,123.87393064118301,453.384882975605,486.944320553743,6.14606521849195,2.40678413689761,62.358214429491106,16.1798944864287,251.67200112180902,75.70928120131707,38.942338606594
Hotchkiss town,38.799065,-107.713633,967,5,3236.31672180206,17774.714025798898,449.291477700267,162.003078739614,2182.85214117321,2235.27543494009,9262.76641149414,10616.1044976853,101.973250831579,25.5341019278948,4517.198618218037,2794.8721435118437,2021.0607819936995,1363.178339652622,2820.9640021490413
Hot Sulphur Springs town,40.074834,-106.102486,799,7,811.444946040257,6171.67490762358,308.674124150806,62.3908434760407,2404.07302806223,2173.09642907786,3106.1809594828596,3560.0100649921696,46.2061064688762,15.7754118347918,1959.4424730985168,1505.6508723358647,506.7426022122386,1501.3294840190815,1223.6603142930485
Hudson town,40.095056,-104.592748,2079,5,5507.84539462346,24357.396974498,576.044875498905,303.542724148181,1932.50326750351,1897.36186222941,6441.57498639147,6918.37878329338,94.5642580300759,37.0329842606116,11536.484347900338,31202.194874952995,3439.6170947569344,1206.8369386452482,7204.466707647405
Hugo town,39.135962,-103.473373,620,5,2672.8729950130296,11243.0985798973,348.36868207329,143.690627891358,3543.19007575825,1411.1715526888102,5811.512183442769,5831.349958141131,126.911197781662,46.5926643598753,0,0,1669.1934843950899,2212.7013889038844,0
Idaho Springs city,39.749383,-105.503734,1937,7,6752.65168570203,57694.9471892479,991.283685094992,877.340917965709,11382.876974774299,11601.8786578144,13935.4773337861,15959.654984787401,230.237261202823,90.1648577163128,791.2753424642648,3044.7095761020532,4216.991311294386,7108.539805450625,494.1468032593167
Ignacio town,37.117729,-107.63746,867,5,2590.17330339141,10942.4298916877,336.029526682929,133.572420516496,1683.97533936171,1213.0258007294,6284.68463386467,3742.26552703629,62.6351667134381,24.5290048415735,0,0,1617.548012771917,1051.6327074234496,0
Iliff town,40.758333,-103.066128,193,5,1160.5481629845399,3027.1363332108504,97.2663885065067,33.3913320517745,96.4439088655499,42.127068677082704,86.42233207511009,92.8192918493243,2.04571101989891,0.610398118003975,36.00978319924011,160.33109803265344,724.7555104918263,60.228654555726465,22.487898079256983
Jamestown town,40.117078,-105.389048,219,5,1100.98811960065,6233.864400833079,138.911999979387,61.7755731894823,164.71170614432,165.309088886041,408.109356269488,467.736244245969,7.32747909993156,2.86956640733564,79.86622516992824,15.189836777410004,687.5606132661939,102.86149293762362,49.8759884684403
Johnstown town,40.384683,-104.967903,14379,5,40921.9172268378,323489.881873516,4693.51898802988,4264.14977045363,33270.8878695084,33569.1921283947,66328.07933194071,71237.6674580579,557.665411979191,218.391333625697,27519.145446139824,94501.11607442613,25555.496924634037,20777.474034658473,17185.54467815014
Julesburg town,40.984988,-102.26258,1242,5,5598.8233057423595,27376.841022380002,335.026867389867,333.827006554378,2492.01028741421,3038.89488265949,0,0,71.4297440240409,0,7253.19860202853,26.0317354472402,3496.4322658282413,1556.2457859233439,4529.579920227589
Keenesburg town,40.102096,-104.523113,1227,5,4554.77925592025,20006.526849321,478.526502803563,249.025468090717,1513.72387497615,1498.3921404431699,5096.591100200049,5473.83952049566,74.3517602257178,29.1174236814933,263.13753362726294,327.1399128044576,2844.432889637891,945.3116680058195,164.3278440277257
Kersey town,40.387733,-104.564713,1664,5,4284.40141170615,19117.0461168436,549.350696729006,250.832654085255,1522.55747924645,1540.0386819422001,4671.92136057704,5017.73583114617,72.8775481592358,28.5400969685034,2015.9173703299857,3801.370580546889,2675.5835141797183,950.8282019822635,1258.9285558692595
Kim town,37.247062,-103.353411,67,4,317.446205861379,1059.58290331015,49.4454806866229,8.03832744008767,122.183394483439,99.428835447934,0.030164160417419802,0.00236111317854112,3.15590321699856,0.00199824751428913,1392.16162550921,346.9870886982037,198.24329081792874,76.30281212521179,869.3967572946812
Kiowa town,39.34353,-104.457176,843,5,3588.11685373036,9520.32040980378,332.605569787333,95.8407057805145,2156.97739274882,1788.07191113116,6949.10662881226,6972.82761696575,97.3778327742866,72.8453065654982,1990.9904482637703,10.906502555074653,2240.757897838588,1347.0197112550377,1243.3618394646335
Kit Carson town,38.762823,-102.795366,252,5,1089.84107052843,6410.2200000303,137.858137176073,84.3538698529709,1039.0443140474201,318.500231022633,2399.25494328514,1143.5160098101699,23.4223487751468,8.99291113586842,0,0,680.5993466005881,648.8770705685043,0
Kremmling town,40.056543,-106.37816,1741,7,3710.3592138524,25052.655202312202,692.567805576016,215.968852164794,5803.35309389632,5238.5296035653,7484.864895886881,8578.44237410436,156.732583696176,43.6647303931862,8973.240268583775,7059.994273265338,2317.09753365873,3624.1599170815084,5603.735837122583
Lafayette city,39.995268,-105.09962,27053,5,82880.7953363276,626967.480729435,11174.8021144908,10094.0539192972,48430.848464701805,49407.4039622342,144457.583957753,165442.84474663698,1021.7538153365,400.136306780327,20926.4007245877,52247.19831550474,51758.56982916863,30244.78037371623,13068.414326641883
La Jara town,37.273562,-105.959821,666,6,2030.87857513677,12129.0499433698,352.860304508219,88.1280267864739,1890.54879377075,1911.6340894226098,5213.98990444396,5975.78079986634,67.0103059664893,17.4354401702755,2060.5841380299576,1586.0558221137164,1268.271740385987,1180.6366162481092,1286.822689916365
La Junta city,37.979414,-103.547336,6978,4,24938.392136412,163400.994784846,3466.00869440988,2373.70464739771,37344.3983136502,28267.2744672711,0,0,482.354486047759,0,18106.488989965073,18816.231895745317,15573.879396086208,23321.35737840998,11307.396013095566
Lake City town,38.030504,-107.310176,412,7,1193.3790512461399,3212.4984890403703,471.038393290678,12.8538510629853,2083.60021153802,2114.16802374763,0.017517754005596,0.010435974058642801,87.7076543692471,0.00343478207459571,0,0,745.2582073559915,1301.1960926211311,0
Lakeside town,39.779075,-105.057825,10,5,63.5769942334813,581.016392925064,9.83840398922387,9.10098431441152,8269.95231548694,8445.756909334828,15756.735439996,18058.875992577003,81.4465168397428,31.8958519745223,106.3701052030639,43.1456126145685,39.703459434829554,5164.536641667703,66.42750586004144
Lakewood city,39.698942,-105.117551,149793,5,449118.102343574,3647077.81231419,66069.9158343461,61254.2425842659,443186.18002628896,452607.536209033,1111787.46661717,1274225.36642818,8717.74095314528,3405.46915289034,271964.1977539183,706111.9414329659,280471.6167040052,276767.16606215877,169840.04392523156
Lamar city,38.074729,-102.616682,7662,5,26219.708920270397,194974.32971277498,3769.11436142179,3113.66585019176,18449.8138821732,14313.4429486975,78384.31711516,46696.437212038196,411.552877855427,226.039575427677,6546.232891347966,2278.8547334060368,16374.054200894725,11521.800391520457,4088.083986765555
Larkspur town,39.229573,-104.885758,221,5,1080.2000072731598,6564.13160354696,97.45754150084,89.1643229101554,1289.05314678377,991.984646905483,3501.02130287041,3512.9721462358198,36.9655904892785,27.7755400699233,998.5958747825108,1175.9164790509246,674.5785592312056,805.0061180104697,623.6172578497905
La Salle town,40.34847,-104.706138,2588,5,5939.69612135963,41724.7202626819,785.78663851746,587.042336228531,2651.19723070477,2681.63688031282,8081.11650577636,8679.27876287978,109.133083284134,42.7383859374012,8177.037445498995,13346.771628037963,3709.305336826133,1655.6570969123563,5106.511851160761
Las Animas city,38.069668,-103.223229,1909,5,7417.42709387015,48208.3253113333,1183.13391591305,724.989915268037,2826.97673602139,2135.65544807623,10891.3789018577,6488.3972937585895,81.8565753576307,42.4182224005844,680.745422350259,0,4632.139648671675,1765.4303654186156,425.1215174229768
La Veta town,37.508562,-105.008487,703,5,2589.87239185948,6753.90155659965,575.350125643402,10.6597592361719,2888.8373055964003,2843.86172504356,2575.1733763156,2765.7870765522603,110.220885184206,11.7601374578039,40.491065975063506,304.1959130796999,1617.3600952878412,1804.0619277368517,25.28643284880741
Leadville city,39.246693,-106.293508,2614,7,10945.4344542532,106011.554486768,1793.2833510175,1235.10438359405,14887.647049782001,15204.132156719901,26959.3201394598,30898.216264194,409.693549566967,160.443016091366,1996.546456363862,368.0652545739629,6835.359521010053,9297.248129572561,1246.831533886038
Limon town,39.264844,-103.683757,1372,5,6011.736744273,42699.3054575216,756.445805675529,646.185419119618,6354.56983507521,4293.12445117132,10542.7216102879,10578.7095131625,148.781089414742,56.7507949855293,1560.8589418169993,994.3409043709777,3754.294282654506,3968.3915339903438,974.7472403671202
Littleton city,39.590375,-105.020084,45072,5,144082.014079809,1146826.87458127,20207.3680010609,17263.2949009046,171501.760474509,175121.411741166,390774.610982562,447243.51828147797,3239.98761133392,1284.29183402188,42609.531408906165,66536.40793449877,89978.37142627363,107101.84198068951,26609.402067952502
Lochbuie town,40.010496,-104.724484,5367,5,18027.6766249957,92378.0397192799,1685.03884510277,1178.87629296929,1392.14587815691,1091.43681458278,2322.8225511477,2494.75730534313,37.0405056923258,14.5056968973703,1707.0389338134078,5033.394807772769,11258.178154131785,869.3869231656729,1066.0357866783684
Log Lane Village town,40.27023,-103.829382,1206,5,4203.7919379612,21218.4137564424,347.005359539925,259.28381203659,2832.19650504991,777.139748410904,1954.81242127271,2083.17501423329,26.2254122019735,11.0853150987182,81.47079479726516,27.653333398390803,2625.243371342168,1768.690080514959,50.8780327751493
Lone Tree city,39.530763,-104.871035,12808,5,44663.226044744995,351786.776399428,5194.23765778015,4377.62431617135,50213.1626514005,51198.95617532841,119886.348021162,135575.819998138,722.872078635948,287.709186151791,13466.28200085022,127525.71918028667,27891.92230422082,31357.825113639567,8409.614005897234
Longmont city,40.169842,-105.099006,90719,5,275374.649513353,2138579.60981814,35554.9516840485,32767.2051958312,289830.77171436296,187886.824946574,481197.01472071395,548576.186908559,4123.76966683529,1614.93888227546,80833.42148730584,144353.42223993788,171969.8510153228,180997.6144117005,50479.996887138004
Louisville city,39.969532,-105.143215,19972,5,65884.8408773344,554577.877124784,8247.28504759498,8088.15896250581,77987.91353888,79645.79897058579,164705.534181816,188769.864697386,1558.44687064299,610.314506070207,27260.160748859384,40184.39261487784,41144.69610716306,48702.99388842886,17023.810256026416
Loveland city,40.41708,-105.061855,73360,5,222076.953490824,1801778.71831872,30932.8546131928,28529.9920172041,144851.765258953,148313.035307293,390744.462659386,445903.22975335503,3645.43870221275,1427.61627801417,81053.8016866618,99496.4486704371,138685.75293057942,90459.07651597667,50617.62302707843
Lyons town,40.22305,-105.268665,2027,5,8052.62801841501,60391.2606709849,899.174344690019,626.992682106435,1833.30809087315,1858.89453646692,7100.18577784644,8137.55964709019,89.0358117772981,34.8679499513523,11380.37492770558,13640.121580016055,5028.818894752669,1144.890133531895,7106.977291753735
Manassa town,37.173841,-105.937275,990,6,2913.22305712419,20268.195223847,426.077644859992,182.173885510522,559.623036414157,571.813937390122,1761.35810241769,2018.70163215038,38.4814817299906,15.068500811034,399.156309955351,176.22842467930215,1819.2906863191747,349.4812989030006,249.27077084312077
Mancos town,37.346597,-108.293856,1700,5,4026.57710590337,18679.2310557677,611.307114657897,193.275222346585,4721.10979458983,2599.6817487416597,20546.5246073137,12240.3247430405,117.367693127141,45.9632002917989,11334.839980132994,13981.641673122052,2514.5737497174196,2948.3053339781936,7078.540984476044
Manitou Springs city,38.857546,-104.912468,5217,5,17966.0382772038,187210.544009235,2887.6193029713,2841.40434220336,16880.2507147202,22614.6211393687,98875.500692021,85767.2713018905,535.735850840175,402.544477987441,2044.2692359398263,618.1853663849045,11219.685368011726,10541.617413374019,1276.6341293980759
Manzanola town,38.108825,-103.866778,452,4,1231.60487041582,7168.805844883031,181.281955466655,104.421238358503,3356.47986155312,2747.17068256002,0,0,52.8290268556555,0,0,0,769.1300068813499,2096.101956905921,0
Marble town,39.071817,-107.190467,125,7,270.62593564815,572.710667279457,104.306378940936,0.376843183248569,144.982796839669,130.271050157933,228.984081520488,245.933426941402,6.6166569163325,2.28727137244651,0,0,169.00430710139852,90.5409049684281,0
Mead town,40.227002,-104.98832,4181,5,12140.0812816803,90426.87307195111,1405.693157888,1214.58067202162,3184.09315289687,3148.36604595405,8203.31359716591,8810.52085293317,95.3718940033955,37.3492683505131,51125.70760739307,125659.66172631447,7581.409447143884,1988.4474699840969,31927.70407818535
Meeker town,40.0498,-107.895355,2803,6,6491.99764692406,48549.8428147538,1219.76406901633,603.24513656878,5664.43465051157,5076.525507288649,16070.5582536838,17260.097024850398,258.64678449354,89.4144849030897,3776.046102203874,5716.603184673393,4054.2143952114984,3537.406165222452,2358.118609576306
Merino town,40.484825,-103.353616,263,5,1088.01390511004,2837.94031841579,91.1872394186229,31.3043738650603,700.2885666777789,305.888727336191,627.520926616529,673.969871335525,14.8541059234657,4.43215987601375,0,0,679.4582925299387,437.3260962551746,0
Milliken town,40.310502,-104.858384,6157,5,17618.6403686311,130910.670757798,2015.3559717188498,1772.00140062916,6354.03714991477,6383.59609443171,15468.1268480727,16613.0737946972,122.111569182188,47.8209834642208,6675.236550371931,21445.581540784922,11002.73741479287,3968.0588752367485,4168.646014032727
Minturn town,39.535508,-106.381727,1029,6,3023.60817308336,26442.2350933013,489.810619990806,288.154977307429,6777.57572776155,6070.23058693107,13655.841275340199,15651.0303231788,93.237451139224,32.2355154921394,61.040639588135996,72.99867279701877,1888.225542811428,4232.556229151749,38.119520857865865
Moffat town,38.001997,-105.905455,143,6,384.503383158101,1565.1652334914602,72.6355097442189,8.1323431129631,123.800815600965,125.146037244719,371.72239695766496,399.23719739658503,8.41299641292223,3.29434412533407,0,0,240.12010413246074,77.31288211205164,0
Monte Vista city,37.578541,-106.15063,4315,7,14760.4771592548,113940.823216505,1973.0752318281,1274.82140144923,13831.696502897701,14133.007977630601,25060.0483167353,28721.451003814298,358.211625052971,140.281812059855,3030.4633379640427,1016.8131516547545,9217.831279959695,8637.813215908018,1892.506553010805
Montezuma town,39.581706,-105.868071,75,7,144.476591205801,1244.7653156671302,57.763743701216,13.7655400365772,176.379131736566,178.24902246324402,183.837070020337,210.696616883528,2.02384560833133,0.792572628607784,0,0,90.22478252363067,110.14773168318983,0
Montrose city,38.468867,-107.859123,19016,5,69651.9740899655,505886.20041381003,8617.30364157997,6634.23566254507,38405.6875006243,60938.0771071724,2192.23026405509,2512.50526745043,1575.29764349893,16.6679600343229,44847.88438390617,32615.086484254407,43497.24866955726,23984.12624145036,28007.240352306955
Monument town,39.074698,-104.843906,6346,5,19769.257502757002,158526.24114349898,1965.61747966481,2216.84917369652,7513.77958597969,8797.60877944451,33071.9680240601,30413.8770330617,263.905871482767,198.29598313014,29720.43388772852,18622.048533181867,12345.785181899326,4692.311214000273,18560.236379113718
Morrison town,39.625613,-105.207919,366,5,1252.70393177266,9848.005636897438,134.728699014786,109.95246708627,2174.48141411197,2182.01417213868,7710.97488260753,8811.689846822539,74.443101283533,28.0371464163456,10.9649068282751,46.799475035897,782.3062467585903,1357.9508697742026,6.84751990420211
Mountain View town,39.774776,-105.056711,522,5,1956.20670646139,17587.6709974829,304.066971618817,258.836242037352,2890.47812948104,2951.9245942481903,7068.04630689844,8100.724433188981,49.6257792085512,19.4343057158695,51.13071007192352,76.78150897913648,1221.6395970357032,1805.0866126142814,31.930828087899137
Mountain Village town,37.932377,-107.857854,1546,6,7642.8216860413495,35523.1258483569,1956.52655853624,372.556451849273,11747.731724947,8884.82056954441,40910.135479948105,24371.681008188603,170.408075644711,66.7317354706932,1648.9263182447692,549.794657917554,4772.897247469675,7336.389453703703,1029.7447996208798
Mount Crested Butte town,38.908453,-106.958673,887,7,5968.00386133965,40214.8498940126,1600.19671113656,542.176668551119,6779.05507204309,6927.23698689139,12176.358418583,13077.649475301901,194.232184383764,76.0532428149195,18.341878218730372,27.281888548053075,3726.98335415833,4233.4800709656065,11.454395203736086
Naturita town,38.218554,-108.568286,438,5,1815.16521647295,9575.57309753349,304.566906478077,87.5972246624921,2090.6664846386498,2115.18539051679,1085.82364251704,1166.1960415982799,49.676847796043,2.79266548993304,602.1552726915978,171.45727802143946,1133.560015043843,1305.608938663773,376.04243061540006
Nederland town,39.963815,-105.505864,1560,5,5710.3456714412105,26108.2742578766,721.890833200021,171.846607771058,3337.72001102856,3376.0419534509497,9383.62305593512,10754.6189230338,163.401000774511,63.9906325699304,858.3209327276173,1218.3334544319512,3566.077328102493,2084.386540452447,536.016380539574
New Castle town,39.578289,-107.526243,4610,5,13003.6793432249,121601.267096494,1691.64404707284,1370.02652275259,4222.48003143578,3781.79875357771,10103.0072948862,11579.108920451401,175.270476168411,60.5972608732607,1328.9170703732625,3755.018650174872,8120.721363630752,2636.9139759394443,829.9009041234477
Northglenn city,39.911166,-104.97884,38128,5,108120.586486146,744275.808861082,14228.0615860979,12160.6919538969,64381.3283526616,65742.1223666016,156565.524609034,179437.29473742802,1321.53916719733,517.537388841301,29738.363072317923,13181.452289184725,67520.67113864905,40205.761367438165,18571.433049570187
Norwood town,38.128846,-108.291711,712,6,1970.4375248143701,9341.83218773997,261.024973539999,103.12311179108,3532.21017232997,1607.93656161146,8675.89463828979,5168.55136519143,85.375888031164,33.4179437513263,1544.9529063857613,465.3566311432767,1230.5266595024661,2205.8445037110723,964.8140146755453
Nucla town,38.266534,-108.548716,520,5,2108.11909435919,11120.9978591187,353.721691683767,101.734751331724,9805.8006487629,9920.801058887298,5092.8114342809495,5469.780084634421,232.998074980442,13.0983690005898,90.17593464367147,82.12298636606062,1316.5079909141302,6123.664903918261,56.31434147349756
Nunn town,40.713224,-104.788037,562,5,1865.1048446391098,4053.97330883728,185.884448623773,39.3850996142327,1650.07206198582,1648.7757497754399,5031.2210861496405,5403.63083407574,72.0594102793989,28.2182891670012,1860.7128126262674,892.4853682495129,1164.7470194782459,1030.4603098568382,1162.0042212859003
Oak Creek town,40.273811,-106.957374,879,7,3574.47160425515,10276.544046438901,520.200302315594,34.4787192667268,3830.41644863798,2162.50149952937,3801.7096400179003,4083.11125296327,79.897522382955,27.6234258775849,601.3510197463439,48.07172726310826,2232.2365196962437,2392.0725715421163,375.54017937543165
Olathe town,38.608319,-107.982841,1878,5,5383.688318063841,29229.845805835197,649.743131898104,274.676708982567,1522.53202928055,2318.5939813609198,2101.6107849294904,2408.66699160074,132.44756428491,15.6236795674326,5862.182777772152,3142.0451397426687,3362.081729768951,950.8123086280572,3660.8987090846363
Olney Springs town,38.166274,-103.944491,589,5,1178.00847918418,6384.130830882789,160.412449545393,81.8130018069515,179.67531429365502,132.266323509161,0,0,5.93908636013919,0,74.745991723096,0,735.6593753931121,112.20617832765635,46.678432758168874
Ophir town,37.85684,-107.829023,173,6,362.50107354186105,2018.5661976086099,69.7063262430423,25.6610097334629,318.13786056372805,240.607963619479,1037.64869907513,618.165713599661,9.71819464408905,3.80276694163138,0,0,226.37979102308606,198.67522511662767,0
Orchard City town,38.814059,-107.967542,3043,5,10682.6635395396,74816.0608768788,1382.43103469326,810.083152349089,2491.66811840225,2547.01870624921,8413.38549792859,9642.62463905888,109.421131117774,42.8511904061478,12864.126850575341,2907.5758926717544,6671.260628340317,1556.0321033853443,8033.571651730356
Ordway town,38.220898,-103.756679,1464,5,3951.08433176052,21412.6126793917,538.029332740509,274.40385641163,2137.33004517498,1573.3757768133598,0,0,70.6484792767254,0,2714.7718721759657,0,2467.4289557248635,1334.7500581076238,1695.3590870609592
Otis town,40.150129,-102.962138,433,5,2220.8910958697898,4849.12604507152,239.455091089338,46.9007498273139,1310.1495670668999,767.768004916984,795.9854841834909,912.283080813383,55.5668883116134,5.71660048012109,1162.4196138049635,105.825295070526,1386.9334434122086,818.1807085526922,725.9242205359044
Ouray city,38.027543,-107.673348,849,6,5214.66725437745,26097.3604116699,821.900384466389,251.077453282219,3803.8450441241,4196.16968693211,21.0734340665555,22.633284475488598,216.930495159789,5.23314792357591,0,0,3256.5290683603325,2375.4788855089423,0
Ovid town,40.960564,-102.388352,291,5,1349.85328554298,6600.44384039508,80.7736006291811,80.4843191136674,107.036304183813,130.52597683314,0,0,3.06803541210997,0,0,0,842.9754475134213,66.84354321013319,0
Pagosa Springs town,37.263604,-107.00353,1966,6,4867.33375613476,22455.7257384113,966.749073382413,198.499886817375,8219.527238915,6875.12769499048,0.032013650791663205,0.0190717159903902,338.455998306393,0.00520078265732012,3018.320893668548,8395.758399686116,3039.6213390142075,5133.046477555511,1884.9236678754148
Palisade town,39.107404,-108.359087,2630,5,8081.4503196645,65446.1099645139,1208.27395795827,958.68095884143,4351.94229841162,4436.636757719471,13795.750086350501,15811.3805351834,198.252475779939,77.6390675306807,2473.27296084022,2224.2524697712647,5046.8182525750135,2717.762401178608,1544.5444355446912
Palmer Lake town,39.113465,-104.899806,2558,5,9391.48459297188,80182.8557381914,1088.82706421403,1227.24823358309,2734.00498462471,3250.74231826391,14005.5329543145,12148.7763522111,120.260189401038,90.3621899532196,841.8604949556914,743.1548514139021,5864.926960852144,1707.3700528060508,525.7369338429098
Paoli town,40.612871,-102.472061,85,5,185.06834931477,1106.53053256253,10.3395055560731,14.4578969734173,0,0,0,0,0,0,116.599365707668,0,115.57409701857632,0,72.81561895644464
Paonia town,38.869824,-107.591433,1387,5,4877.946271662569,29763.073366863002,680.26511507984,300.827961540446,3953.12487748412,4005.9844424745197,17782.09170561,19098.3177621264,181.162593504642,70.5951921491325,3754.6817831919434,1245.3921407255402,3046.248792621286,2468.703264542678,2344.7767178516383
Parachute town,39.450047,-108.055481,1181,5,3190.70695170382,29606.721931588098,526.758116357835,392.478586744476,2664.74927990451,2356.0527527736003,7036.3390674496395,7557.167155415231,139.144597054587,44.9345812972871,1692.4404344903216,9101.153313014775,1992.57774848826,1664.1202720301467,1056.9191096056056
Parker town,39.504167,-104.773173,48442,5,172520.934310234,1224236.19911476,17668.6051403559,17494.9021487895,118794.207199907,95317.31602162769,209093.14154957,233928.262587665,1400.14711594585,716.823000965698,80336.43354622611,42724.34036568917,107738.31005426882,74186.28457541,50169.63083734027
Peetz town,40.962046,-103.114231,208,5,1146.12904367688,2417.4914363737303,83.0071187060918,14.143682736383,90.9752672893591,105.697679241096,138.218974909629,158.41348210862103,2.85696346788874,1.13807497542633,0,0,715.7508551849833,56.813520015289654,0
Pierce town,40.633499,-104.755178,966,5,2803.98126506459,16160.9422480652,363.97702039967,233.978777456765,663.8427340204211,666.930926626149,4139.34062411538,4445.733599500761,37.6288336128792,14.736096194904,1008.8797011884111,2103.6054196991668,1751.0698288860895,414.5658878507648,630.0394470310221
Pitkin town,38.608612,-106.516466,87,7,959.2654818425101,4498.37301793379,218.055629604171,40.5197522742951,500.076971645816,511.419606660521,830.43356135463,891.902049413088,17.2100271161652,6.73940460868192,0,0,599.0556584933541,312.2951312406653,0
Platteville town,40.216683,-104.824077,2628,5,8279.8805627531,50593.9589554664,926.481888303429,751.045965762237,3226.52310205122,3263.5683401577,10486.974727430099,11263.218018646401,141.135610055074,55.2711239390156,24109.54336880359,51508.12815271143,5170.73677376491,2014.9447239889812,15056.268209538186
Poncha Springs town,38.518844,-106.072576,962,6,2770.14455057533,12027.205865248401,402.243856124585,102.131641958337,2209.33084838618,2171.5425092461796,5957.0854518126,6398.02745247144,88.0714567626602,34.4902919987317,648.9650155241626,505.44795694229487,1729.9389994511748,1379.7141367659,405.2748400445454
Pritchett town,37.370009,-102.858749,144,4,397.80724772381495,2007.45564038717,75.3800109147254,32.2763420028679,166.09223392430502,90.284774840363,165.40176872840098,98.5359519920095,1.8486939888847,0.723907854336922,0,0,248.4282894041879,103.72362442672798,0
Pueblo city,38.269934,-104.612294,108385,5,307798.01336849097,2347892.91762955,47747.6153092309,34195.2715108592,340940.525390891,263794.551996434,5.31691805743138,2.13095818695136,4638.85621050668,0.215674583941619,240441.06722198718,293924.5620161357,192218.0512815325,212915.3553537772,150154.03408121393
Ramah town,39.122238,-104.167334,110,5,736.0360420411431,1133.76622185434,69.2302486804523,5.1338856134545,1350.91657516111,1554.17102831387,5836.83497046315,5856.75918527001,77.7557808922891,58.4248426511232,0,0,459.65018463177574,843.6394656339675,0
Rangely town,40.095177,-108.75674,2331,6,5912.060073353709,56594.2618669566,1031.78765095202,699.571782297,5586.594910196751,4961.49385273445,14078.3962017419,15101.8307710036,271.858088944955,108.3389454,9011.615768213122,28952.93190628258,1757.5808019823762,1660.8241189681187,2679.0395687011896
Raymer (New Raymer) town,40.607952,-103.843374,78,5,520.714544745107,1131.81994673789,51.8966728967199,10.9958398715833,105.638163669519,105.55517332951901,322.10045173213604,345.942247984474,4.61326747624769,1.80654428262363,9.01889970632166,67.51044993833911,325.1831744119406,65.97041267191359,5.632249887777222
Red Cliff town,39.509144,-106.37003,246,6,807.239281406927,7063.224103488779,130.783919308289,77.0024102743781,2632.03299898717,2357.33953525896,5303.16831701377,6077.9886398053895,36.2082340348769,12.5184791616773,12.9555480129648,12.999727969042,504.11618935363913,1643.689146779245,8.09066363061638
Rico town,37.688569,-108.031434,186,6,805.654824528311,3502.3521488536803,196.548484117652,39.4483962288116,1299.05134522313,578.06703621024,3481.84223607303,2074.2622165111798,30.1566796698877,11.806329677531,105.6112898211251,184.45767839561836,503.12670534036005,811.2499342044327,65.95363011145396
Ridgway town,38.157178,-107.754597,1012,6,3330.86870290575,16669.6889337881,524.98886965936,160.375723003416,3011.82772475672,3322.46452057986,16.6856305241791,17.920696793599,171.762327878396,4.14352840905702,27429.33926034946,26773.395582684425,2080.1079387757068,1880.868722032151,17129.461242663558
Rifle city,39.537565,-107.770345,9488,5,25761.9463392022,204289.379773162,3581.09117180103,2400.0741837156,17001.4101473045,15389.2226566319,40505.3683279707,44174.318559679705,666.254423217877,169.85790863629,4937.600870802861,15007.417863516743,16088.18415800659,10617.280767308175,3083.502739361352
Rockvale town,38.364713,-105.164779,511,5,1588.49559748292,8317.08667497403,217.210441042141,100.504112361988,174.816319377816,101.554522275587,501.216711278542,298.593335366522,6.47715108689809,2.53630972660932,117.822961836416,0,992.0061694872448,109.17176454542282,73.57974755119938
Rocky Ford city,38.050212,-103.722672,3858,4,13236.0656358529,88912.835406294,1887.59499814605,1327.12942765755,8832.7065722599,6685.7829350989205,0,0,189.380522682429,0,25166.98949837078,27088.097158879722,8265.84523829338,5515.973369291361,15716.637105802844
Romeo town,37.171819,-105.985414,340,6,1069.324225426,7439.61987583543,156.395558674112,66.8685319306394,135.720720144816,138.677277956077,427.16752981576997,489.57891552949496,9.3325936796654,3.65443816373345,0,0,667.7866973541721,84.75679247978333,0
Rye town,37.921281,-104.932135,190,5,691.833546666017,3006.17066724554,114.340714437899,27.2215786099795,1341.1464789764102,1097.68520594006,0,0,7.23376511937515,0,0,0,432.04598592430784,837.5380979581215,0
Saguache town,38.086247,-106.140876,491,6,1895.05235888985,7714.02853056509,357.989292446227,40.0808332892758,587.117267519292,593.496893144978,1762.86914523207,1893.35628598004,39.8980850136338,15.6232114606464,779.4076263600571,96.2556796882467,1183.4490662101448,366.65128472154504,486.73548426557693
Salida city,38.530283,-105.99878,5430,6,20324.6218771028,161338.942339389,2959.76322849196,2194.69880139436,15618.7916806853,15935.985134794,50093.967487266505,53801.9106456197,701.567137939473,274.74571596397,2067.2977485650754,1698.892055135659,12692.60697135687,9753.843656681882,1291.0153002584552
Sanford town,37.257425,-105.900741,897,6,2002.27465680996,11958.2182854808,347.890441979512,86.8867872011218,179.130776203993,181.128622220479,494.029068056989,566.209270362147,6.34927178869726,1.6520197423365,854.0382401943928,264.3426370189527,1250.4087614160312,111.86611748938807,533.3418642099678
San Luis town,37.202341,-105.422469,678,6,1724.21255358789,7619.21869488562,389.120804350228,15.6208342747036,398.77441959834795,407.461373395355,1432.28051074148,1641.54410211204,22.1976353602313,8.69210517348668,0,0,1076.760611346255,249.03228255847273,0
Sawpit town,37.994621,-108.001189,31,6,130.27382743888398,725.422250289868,25.0507117886811,9.22192566565914,0,0,0,0,0,0,0,0,81.35523998106592,0,0
Sedgwick town,40.935068,-102.525674,150,5,843.658307534056,4125.2774201467,50.4835006367637,50.3026996886955,143.0768640066,174.475824619401,0,0,4.10108410200767,0,351.8674338563278,0.0488188778462168,526.859657237388,89.35066111000717,219.73914550359677
Seibert town,39.297967,-102.869524,152,5,838.428577856116,5258.2675989522895,103.747247276812,60.5909405568301,536.323327544289,291.955264809889,2609.43107394061,1045.8292661717899,21.7634252858927,8.27032150039788,0,0,523.5937217739925,334.93076758091786,0
Severance town,40.539442,-104.870121,3603,5,10523.465842151902,76453.8497022912,1223.32532813711,1070.88064139759,1291.55595386754,1309.32667168322,3952.25062702168,4244.79524681623,77.185441247044,30.2271417382774,2722.2992786610116,2781.2786644735497,6571.842601480814,806.5691063322946,1700.0599081933792
Sheridan city,39.647757,-105.017457,5965,5,15320.1930693676,123724.484923723,2468.99601519891,1889.90824319449,21129.382016027997,21578.555394770297,67627.8680235263,77508.64936014511,664.261697536002,260.136266092777,42893.587815263134,50217.13929724131,9567.37057794194,13195.174950793647,26786.793625118287
Sheridan Lake town,38.466677,-102.294142,71,5,253.04530627934398,1920.3863151811602,43.4285097808229,25.9559239433912,0,0,0,0,0,0,2645.8552904539965,469.312178138853,158.02530733271217,0,1652.321086605374
Silt town,39.547648,-107.654073,2996,5,8600.59458425521,70701.9675787362,1085.9873832434,691.425478317379,3089.30459002551,2766.8877439327302,9183.649904794229,10525.4286601109,189.20173119777,65.4137930911275,3003.4846965908596,5700.451009632787,5371.020796254673,1929.2525692779086,1875.6585499511873
Silver Cliff town,38.129203,-105.399189,827,6,1763.94277148088,4972.265332684709,428.724178902661,8.09157922017613,1216.29318252973,1207.8954345179,598.828460867226,643.153596325189,71.4570039340775,4.14579811842633,254.44934950751852,719.0570548482478,1101.5718990371815,759.5679477404037,158.90212408107647
Silver Plume town,39.695445,-105.726666,208,7,719.4282375463021,5950.37501595514,144.627702482231,75.881859366309,1713.57492132375,1731.74145737199,3070.65025877119,3519.28814511703,48.2967386709477,18.9138306618048,596.7410293373199,1415.6981865738262,449.2787082823127,1070.1174724848793,372.6612674450018
Silverthorne town,39.654012,-106.092443,4206,7,7641.52387616158,69012.06687760951,2093.74332735469,715.310118907686,18883.1488579382,17045.3068597323,29233.3014337241,33504.437988163605,360.48554368786,124.632722004492,536.5484191403623,97.70003145984339,4772.086772823354,11792.415538389385,335.0713359604326
Silverton town,37.811092,-107.664643,493,7,1530.73140763213,4074.32408212412,489.267459319916,15.2289793370382,5198.5627004424,3166.9372979163,0.176643789778956,0.105233239784316,109.658962996778,0.0300610306124557,54303.30698743092,56263.015906515044,955.9327722438305,3246.471869029264,33912.09622516471
Simla town,39.141051,-104.081754,649,5,3001.99420312481,3687.86065929433,273.882015514927,23.879850158428,481.855966928546,408.40580377898596,1170.0147799696601,1174.00866122916,26.406399565963,16.9793461596401,963.1892358489612,2191.5825256306075,1874.727745537096,300.9162208285561,601.5060198214671
Snowmass Village town,39.216872,-106.943974,2883,7,13254.0367860866,89058.62101284761,2480.81247640674,1008.62294445698,7997.71633380333,7095.770643265159,11025.9701270999,11842.1097252936,214.275613478769,74.0827293484081,55078.57844714293,63727.280523053625,8277.068116048194,4994.526870274892,34396.248697655246
South Fork town,37.669186,-106.642851,490,7,3154.21312009384,9889.18414282846,585.211165781058,26.7439841493346,4640.11258008023,4691.86376784711,4890.67033163551,5254.21902865844,130.857544106007,28.2391397919448,14.24371774843685,4.49801127483485,1969.7875650198935,2897.7230493107863,8.895118063452017
Springfield town,37.404914,-102.618898,1430,4,5092.01465930026,34871.2999625142,815.785385379375,536.665224496264,10519.4667509701,8161.04640146081,20390.679184217403,12147.4818596393,134.277210755292,73.7498517004692,7691.9382270482465,861.5747487188762,3179.933243220501,6569.345192529239,4803.570238808097
Starkville town,37.11682,-104.523298,69,4,175.234685881922,549.884645685107,33.9375963712466,0.378205939052002,110.431789344356,66.8182111220718,87.9828760790198,100.02548228914699,1.97706590690504,2.00599568844188,0,0,109.43303196966849,68.96400374713336,0
Steamboat Springs city,40.475585,-106.822936,12336,7,50430.555815879095,275069.18446435896,9985.65765649682,3483.80158953806,81737.4919086799,71742.3127860354,99133.04636181261,106470.85008273799,1262.33645092065,436.434777256865,7981.878434746647,7117.066196553052,31493.585867845526,51044.583554595636,4984.63619534898
Sterling city,40.620702,-103.191891,13976,5,49778.1150032501,316228.73946538504,2748.07168935944,4312.59258753803,17100.944138560197,20554.9974712253,62155.3180998781,71236.5315848164,335.891605717463,267.14399827205,23422.344422198308,656225.2630808373,31086.14041292654,10679.439160164786,14627.11650412724
Stratton town,39.302883,-102.603473,633,5,3275.63404030479,17592.176158048802,346.217884781505,181.12100997664,4680.78090418804,2123.4368454227697,16289.5253929346,6528.65007936491,141.540495281703,53.9362714113202,1754.670045199788,189.3334750059267,2045.6142164408618,2923.120178822244,1095.7811359444884
Sugar City town,38.232773,-103.663312,350,5,1104.84025293064,5987.6009778975795,150.448943671182,76.7314490571461,111.015039664242,81.7226963444448,0,0,3.66955199400753,0,0,0,689.966247902571,69.32824014577314,0
Superior town,39.93119,-105.159085,12928,5,37442.071585987,278270.04621804,4608.87636168699,4035.09071322346,32974.7436257598,33675.728491114896,84883.0835392884,97284.94111873899,473.669414490736,185.497061331455,3275.6922397042604,5480.593783272995,23382.353763231975,20592.533694047994,2045.6505616239565
Swink town,38.014148,-103.628162,755,4,2048.4234940642,12638.4366583886,286.942565793679,198.672256143618,3030.94455376008,2294.22739326609,0,0,24.709319708252,0,273.2983878315029,0,1279.2284391938042,1892.8070694486726,170.6732377913838
Telluride town,37.939664,-107.817888,1972,6,7739.9749468134505,34494.8974905798,2018.2190067224797,398.531128714296,12439.2832124146,9407.841610934322,35325.8041245014,21044.888250298998,360.283759011991,140.98042059806,1926.10405172455,1104.057135242521,4833.568888124168,7768.259295315473,1202.840665981561
Thornton city,39.91942,-104.942808,130511,5,385393.860488758,2825470.93892163,44865.7215954121,39622.8824057177,176678.95029266,179920.001270439,376058.195979905,430335.861275276,3223.74086760817,1262.47217815058,15892.646825885724,47846.58244799981,240676.20199461412,110334.96661027639,9924.86458617965
Timnath town,40.526034,-104.959373,2023,5,2317.98981308447,19735.6408196697,285.340004906637,287.714931893142,2493.34176100293,2527.6698084582004,4747.57120231589,5098.985255572839,51.9397619026447,20.3405010001643,1745.5430627535402,2864.022107670434,1447.5710219354917,1557.0772833581575,1090.0813890205268
Trinidad city,37.173157,-104.490326,8280,4,28657.627313420602,218572.71500906302,4446.72713836192,3169.93308802893,22919.448631549898,30237.3373022154,56990.651006015505,12447.441351624,638.236940948403,239.152718872539,50599.296499474265,40198.27970423797,17896.519916596804,14313.061036977762,31598.963433534187
Two Buttes town,37.560664,-102.396556,70,4,193.66931728586798,977.313926732094,36.6981630786969,15.7134822352971,316.999442471708,172.315240826504,315.681638038735,188.063229127987,3.52837065244319,1.38163224615472,855.6060308753339,89.12842228126303,120.94535099272096,197.9642897054567,534.3209402806995
Vail town,39.637527,-106.364526,5363,6,16795.110067413098,136028.12141725598,7302.70842570009,1572.99351797807,65497.8814399314,58662.1617029381,108806.218256493,124703.369565223,902.05422477377,311.872349384846,2604.115779375228,774.1149522538458,10488.447579263922,40903.04221158201,1626.2550071229189
Victor city,38.709004,-105.141855,475,5,1392.3310814177698,8585.773743824438,336.35007181005,68.4115467823886,798.344336059433,604.294606040942,3479.30014512587,2923.16401606211,23.8737023445568,20.6671971701527,0,0,869.5025815141589,498.5613482348171,0
Vilas town,37.373664,-102.447416,160,4,369.879996973997,2533.0241932937697,59.258017909363,38.9829458267909,119.681992776061,92.8497916849877,231.988671726104,138.204233217297,1.52769760559606,0.839066221454345,0,0,230.98788536118292,74.74070145268813,0
Vona town,39.302119,-102.743352,69,5,575.831922572331,3092.57276444038,60.8625102101179,31.8397165586259,520.361590457078,236.062100905153,1810.90367499881,725.7888818928529,15.7350319842937,5.99608581333243,292.06641854102213,29.894759211462137,359.6036530945412,324.9627565323906,182.39376272231254
Walden town,40.731584,-106.281336,481,7,1687.12487041952,9441.065376463781,376.208356479283,43.2575061191988,2573.3763270835802,2322.91708817784,2621.16545536803,2815.1834779895,85.6871248684388,17.6669272812286,230.3382984122805,899.515008099468,1053.5995710680766,1607.0583997364754,143.84491430523664
Walsenburg city,37.630598,-104.781719,2917,5,8251.51460243699,84627.1410161816,1731.55901843685,1386.373390425,7342.9719354892695,6009.98607353565,5727.32707977225,6549.82876627486,231.809177124774,120.761654468,1880.667606437386,220.97756806772,5153.022398174823,4585.642839627306,1174.465872802494
Walsh town,37.386107,-102.279933,607,4,1832.0070471218,9244.86142727847,347.14478430964,148.641047499516,2660.67828221804,1446.29724073779,2649.6175257457803,1578.47517182712,29.6147497717096,11.5964838382455,2806.410643830519,326.804215031298,1144.077639351768,1661.5779578888007,1752.5869616547552
Ward town,40.073201,-105.515621,129,5,788.651064394798,4465.39223038398,99.504340410767,44.2505878875015,52.1451342094617,52.3342561848856,129.201000056202,148.07793448187002,2.31976457549512,0.908459568152194,0,0,492.50795702046895,32.56433000286146,0
Wellington town,40.700703,-105.005699,7409,5,19399.279582599098,137463.057684344,2470.41752413311,2163.83143876602,4333.62902968611,4394.111042471431,21587.3734901478,23185.265568868803,248.383159888591,97.2711026594178,1013.0941195129875,1890.2000972248231,12114.736144085015,2706.3258724353295,632.6713265183839
Westcliffe town,38.134203,-105.465306,399,6,1266.87162028743,3571.1032922167497,307.911630674296,5.81140853495076,1792.2915343291002,1779.91687591187,882.414862093846,947.7309932539871,105.29680266167,6.1091182433816,2020.3026924775727,1740.2169977468216,791.1538850122282,1119.2755349095921,1261.6671637901682
Westminster city,39.88219,-105.064426,111770,5,340362.045653336,2488678.67914631,44471.0502112508,38829.5180140356,230516.570060691,235386.133783671,569875.609977618,653137.384388461,4431.24683533358,1735.35221156815,62838.03565532845,81532.68751294643,212554.09815577976,143956.2439024657,39241.984143563575
Wheat Ridge city,39.772675,-105.104801,31044,5,97497.8232218315,802775.91446934,14879.6530694007,13131.8429798115,130756.45684488199,133536.108396869,323977.77337109897,371312.601899049,2405.68554463512,942.107692338882,44889.811727516775,465231.5626222152,60886.81788032061,81656.63921005001,28033.42373210218
Wiggins town,40.226588,-104.073498,1055,5,4542.25351101886,16117.810756635,314.306960492687,180.031024454277,7431.06716651831,2570.27771653618,8330.37009279313,8946.982039131271,93.71570308929,39.6130322163066,1202.3435342734747,1874.4398616662975,2836.610635525704,4640.657793915935,750.856474347396
Wiley town,38.155356,-102.719248,385,5,1404.90177540241,8334.76045890467,188.374646312527,118.894449766549,1133.91916048976,879.699237930378,4250.676768512089,2532.2853873674303,22.3814594226877,12.2926988427798,311.89499408384484,27.01640698003654,877.3529060647961,708.1258548579227,194.7765916717869
Williamsburg town,38.383984,-105.171179,663,5,1954.11741551926,10329.5946824177,268.024733458687,125.465816212145,320.453885662624,186.158485578739,918.774879026726,547.3481817470821,11.873194912281,4.64928165761967,0,0,1220.3348471152558,200.12156918609352,0
Windsor town,40.467597,-104.923106,21154,5,64003.3123437372,522152.14446980704,7971.15431401664,7556.71056940054,27889.0102401789,28271.1314386168,66672.3294329111,71607.3988668719,647.396092540366,253.531406102754,60065.0112262059,1148693.4625970195,39969.692590406514,17416.523069367773,37510.24667687664
Winter Park town,39.877821,-105.782813,585,7,6878.010193041499,52351.6028498739,2625.23708349575,529.692590947947,10078.7851509015,9110.4437199735,13022.287661404001,14924.9112490664,193.713508002233,66.136504463017,4621.451938070825,3508.605883348541,4295.276962746941,6294.142121938254,2886.069587992256
Woodland Park city,38.998706,-105.059533,7180,5,30213.3952636199,236172.760109834,3207.73935206787,3318.95456438766,26085.2817514288,20073.803064041997,74375.7925968504,74625.3551145792,679.627383324518,510.664576658727,2726.6488816925357,9545.69291797536,18868.08786260417,16290.105223605224,1702.7762097361278
Wray city,40.079953,-102.228622,2575,5,7621.38697055871,49942.414591968496,910.357105046064,651.576408667865,12369.1150149559,5707.82234255325,0,0,215.659434297079,0,3669.248388228967,2045.3154543612602,4759.511393562573,7724.439668184539,2291.424064550108
Yampa town,40.152996,-106.908496,455,7,1189.48949524822,4089.53306315827,218.333466968181,11.7747427635236,1443.4719827015902,1302.98304979105,2290.66348727775,2460.2178354714697,59.5907612826411,20.6026536015723,878.0165012056872,41.3887273665399,742.8292024833205,901.4397739540224,548.3161473584204
Yuma city,40.1244,-102.717612,3593,5,12640.831939587999,96873.2170739041,1613.01651981178,1329.14018521699,15878.206690603602,7327.11942598336,10.812690304122299,12.3924802883111,328.689882587555,3.01206184607307,11644.44526171341,8185.087064324614,7894.125291497727,9915.846806520209,7271.887664139669
Broomfield city,,,,,197523.569101656,1407750.83491579,25453.0239531323,21926.5208578147,133868.050851307,136669.092209498,273844.189704296,313217.895825431,2441.61576955302,956.178584254956,120024.34424253755,389106.4682456257,,,
Denver city,,,,,1877541.79478449,14607101.219934,298249.646210539,230997.016354124,2235670.24978751,2283196.65444473,5674673.59498977,6503772.76057744,37098.4746358986,14528.3985292517,2158682.550555835,18498200.295970127,,,
